{"hosting":{"public":"build/web","ignore":["firebase.json","**/.*","**/node_modules/**"],"rewrites":[{"source":"**","destination":"/index.html"}]},"flutter":{"platforms":{"android":{"default":{"projectId":"bigsteppers-2e714","appId":"1:676499898740:android:6601c02663b8a6bbffec21","fileOutput":"android/app/google-services.json"}},"dart":{"lib/firebase_options.dart":{"projectId":"bigsteppers-2e714","configurations":{"android":"1:676499898740:android:6601c02663b8a6bbffec21","ios":"1:676499898740:ios:6304d99795e21b92ffec21","web":"1:676499898740:web:d5b1c3ff55c4f375ffec21"}}}}}}