{
  "project_info": {
    "project_number": "676499898740",
    "project_id": "bigsteppers-2e714",
    "storage_bucket": "bigsteppers-2e714.firebasestorage.app"
  },
  "client": [
    {
      "client_info": {
        "mobilesdk_app_id": "1:676499898740:android:6601c02663b8a6bbffec21",
        "android_client_info": {
          "package_name": "com.example.fitness_flutter"
        }
      },
      "oauth_client": [],
      "api_key": [
        {
          "current_key": "AIzaSyD0xrXh8MiadFhXMmeUceizpz1kVLfnhw0"
        }
      ],
      "services": {
        "appinvite_service": {
          "other_platform_oauth_client": []
        }
      }
    }
  ],
  "configuration_version": "1"
}